"tv","prediction","lower95","upper95","appl.domain"
"RfD",9.62287917429839,8.01249091480444,11.1277565713861,-0.13
"RfDNOAEL",7.10731341094572,5.50352672295272,8.55005901584996,-0.138
"RfDBMDL",6.3045763199738,4.52380846880241,8.02183774839385,1.541
"RfDBMD",5.77354296679455,3.77526173034175,7.71145545565878,1.541
"OSF",6.87105333333334,4.88221328222087,8.70477930531761,-0.138
"CPV",7.14991399999999,5.17210549999999,9.20067326666666,-0.139
"RfC",8.92471983333331,6.53099214999998,10.9435746833333,2.426
"IUR",6.31673133333332,3.93211717499999,8.18084703333332,-0.096
